<scene>
    <!-- Sol -->
    <group>
        <scale X="6.0" Y="6.0" Z="6.0" />
        <colour R="255" G="140" B="0" />
        <models>
            <model file="sphere.3d" />
        </models>
    </group>

    <!-- ================================================================================================================ -->

    <!-- Órbitas -->

    <!-- Órbita Mercúrio -->
    <group>
        <scale X="12.8828" Y="12.8828" Z="12.8828" />
        <rotate angle="90" axisX="1" />
        <colour R="255" G="255" B="255" />
        <models>
            <model file="orbit.3d" />
        </models>
    </group>

    <!-- Órbita Venus -->
    <group>
        <scale X="24.062" Y="24.062" Z="24.062" />
        <rotate angle="90" axisX="1" />
        <colour R="255" G="255" B="255" />
        <models>
            <model file="orbit.3d" />
        </models>
    </group>

    <!-- Órbita Terra -->
    <group>
        <scale X="33.281" Y="33.281" Z="33.281" />
        <rotate angle="90" axisX="1" />
        <colour R="255" G="255" B="255" />
        <models>
            <model file="orbit.3d" />
        </models>
    </group>

    <!-- Órbita Marte -->
    <group>
        <scale X="50.7201" Y="50.7201" Z="50.7201" />
        <rotate angle="90" axisX="1" />
        <colour R="255" G="255" B="255" />
        <models>
            <model file="orbit.3d" />
        </models>
    </group>

    <!-- Órbita Júpiter -->
    <group>
        <scale X="110.0" Y="110.0" Z="110.0" />
        <rotate angle="90" axisX="1" />
        <colour R="255" G="255" B="255" />
        <models>
            <model file="orbit.3d" />
        </models>
    </group>

    <!-- Órbita Saturno -->
    <group>
        <scale X="140.0" Y="140.0" Z="140.0" />
        <rotate angle="90" axisX="1" />
        <colour R="255" G="255" B="255" />
        <models>
            <model file="orbit.3d" />
        </models>
    </group>

    <!-- Órbita Urano -->
    <group>
        <scale X="170.0" Y="170.0" Z="170.0" />
        <rotate angle="90" axisX="1" />
        <colour R="255" G="255" B="255" />
        <models>
            <model file="orbit.3d" />
        </models>
    </group>

    <!-- Órbita Neptuno -->
    <group>
        <scale X="200.0" Y="200.0" Z="200.0" />
        <rotate angle="90" axisX="1" />
        <colour R="255" G="255" B="255" />
        <models>
            <model file="orbit.3d" />
        </models>
    </group>

    <!-- Órbita Plutão -->
    <group>
        <scale X="220.0" Y="220.0" Z="220.0" />
        <rotate angle="90" axisX="1" />
        <colour R="255" G="255" B="255" />
        <models>
            <model file="orbit.3d" />
        </models>
    </group>


    <!-- ============================================================================================================ -->

    <!-- Planetas e Satélites Naturais-->

    <!-- Mercurio -->
    <group>
        <translate X="12.8828"/>
        <scale X="0.1365" Y="0.1365" Z="0.1365" />
        <colour R="186" G="184" B="181" />
        <models>
            <model file="sphere.3d" />
        </models>
    </group>

    <!-- Venus -->
    <group>
        <translate X="24.062" />
        <scale X="0.3386" Y="0.3386" Z="0.3386" />
        <colour R="237" G="184" B="100" />
        <models>
            <model file="sphere.3d" />
        </models>
    </group>

    <!-- Terra -->
    <group>
        <translate X="33.281" />
        <scale X="0.3569" Y="0.3569" Z="0.3569" />
        <colour R="61" G="129" B="224" />
        <models>
            <model file="sphere.3d" />
        </models>
        <!-- Lua -->
        <group>
            <translate Z="0.4423" />
            <scale X="0.0486" Y="0.0486" Z="0.0486" />
            <colour R="207" G="207" B="207" />
            <models>
                <model file="sphere.3d" />
            </models>
        </group>
    </group>

    <!-- Marte -->
    <group>
        <translate X="50.7201" />
        <scale X="0.19" Y="0.19" Z="0.19" />
        <colour R="240" G="95" B="70" />
        <models>
            <model file="sphere.3d" />
        </models>
        <!-- Phobos -->
        <group>
            <translate Z="0.3" />
            <scale X="0.005" Y="0.005" Z="0.005" />
            <colour R="155" G="155" B="155" />
            <models>
                <model file="sphere.3d" />
            </models>
        </group>
        <!-- Deimos -->
        <group>
            <translate Z="-3" />
            <scale X="0.0025" Y="0.0025" Z="0.0025" />
            <colour R="133" G="113" B="113" />
            <models>
                <model file="sphere.3d" />
            </models>
        </group>
    </group>

    <!-- Cintura de Asteroides -->

    <group>
        <scale X="70.0" Y="0" Z="70.0" />
        <rotate angle="90" axisX="1" />
        <colour R="110" G="61" B="61" />
        <models>
            <model file="asteroidsBelt.3d" />
        </models>
    </group>

    <!-- Jupiter -->
    <group>
        <translate X="110.0"/>
        <scale X="4.00" Y="4.00" Z="4.00" />
        <colour R="169" G="148" B="179" />
        <models>
            <model file="sphere.3d" />
        </models>

        <!-- Io -->
        <group>
            <translate Z="0.17"/>
            <scale X="0.003643" Y="0.003643" Z="0.003643" />
            <colour R="209" G="150" B="23" />
            <models>
                <model file="sphere.3d" />
            </models>
        </group>

        <!-- Europa -->
        <group>
            <translate Z="-0.15"/>
            <scale X="0.003121" Y="0.003121" Z="0.003121" />
            <colour R="141" G="152" B="131" />
            <models>
                <model file="sphere.3d" />
            </models>
        </group>

        <!-- Ganymede -->
        <group>
            <translate X="0.1" Y="0.2" Z="0.1"/>
            <scale X="0.00562" Y="0.00562" Z="0.005262" />
            <colour R="95" G="99" B="150" />
            <models>
                <model file="sphere.3d" />
            </models>
        </group>

        <!-- Calisto -->
        <group>
            <translate Y="0.15"/>
            <scale X="0.00482" Y="0.00482" Z="0.00482" />
            <colour R="150" G="101" B="24" />
            <models>
                <model file="sphere.3d" />
            </models>
        </group>
    </group>

    <!-- Saturno -->
    <group>
        <translate X="140.0"/>
        <scale X="3.372" Y="3.372" Z="3.372" />
        <colour R="196" G="169" B="104" />
        <models>
            <model file="sphere.3d" />
        </models>
        <!-- Rings -->
        <!-- Inner Ring -->
        <group>
            <rotate angle="63" axisX="1" />
            <scale X="0.15" Y="0.15" Z="0.01" />
            <colour R="255" G="204" B="102" />
            <models>
                <model file="ring.3d" />
            </models>
        </group>
        <!-- Outer Ring -->
        <group>
            <rotate angle="63" axisX="1" />
            <scale X="0.19" Y="0.19" Z="0.01" />
            <colour R="176" G="142" B="84" />
            <models>
                <model file="ring.3d" />
            </models>
        </group>
        <!-- Titã -->
        <group>
            <translate X="0.12" Y="-0.12" Z="0.1"/>
            <scale X="0.005149" Y="0.005149" Z="0.005149" />
            <colour R="95" G="200" B="161" />
            <models>
                <model file="sphere.3d" />
            </models>
        </group>
        <!-- Reia -->
        <group>
            <translate Y="0.1" Z="-0.14"/>
            <scale X="0.001527" Y="0.001527" Z="0.001527" />
            <colour R="155" G="155" B="155" />
            <models>
                <model file="sphere.3d" />
            </models>
        </group>
        <!-- Jápeto -->
        <group>
            <translate Z="0.1"/>
            <scale X="0.00147" Y="0.00147" Z="0.00147" />
            <colour R="150" G="140" B="110" />
            <models>
                <model file="sphere.3d" />
            </models>
        </group>
        <!-- Diome -->
        <group>
            <translate X="1.7" Y="1.7" />
            <scale X="0.001123" Y="0.001123" Z="0.001123" />
            <colour R="155" G="155" B="155" />
            <models>
                <model file="sphere.3d" />
            </models>
        </group>
    </group>

    <!-- Urano -->
    <group>
        <translate X="170.0"/>
        <scale X="1.4298" Y="1.4298" Z="1.4298" />
        <colour R="61" G="194" B="201" />
        <models>
            <model file="sphere.3d" />
        </models>
        <!-- Rings -->
        <group>
            <scale X="0.15" Y="0.15" Z="0" />
            <rotate angle="30" axisX="1" />
            <colour R="100" G="100" B="100" />
            <models>
                <model file="orbit.3d" />
            </models>
        </group>
    </group>

    <!-- Neptuno -->
    <group>
        <translate X="200.0"/>
        <scale X="1.3858" Y="1.3858" Z="1.3858" />
        <colour R="6" G="78" B="194" />
        <models>
            <model file="sphere.3d" />
        </models>
    </group>

    <!-- Plutão -->
    <group>
        <translate X="220.0"/>
        <scale X="0.3" Y="0.3" Z="0.3" />
        <colour R="186" G="143" B="227" />
        <models>
            <model file="sphere.3d" />
        </models>
    </group>

    <!-- Cometa Halley -->
    <group>
        <translate X="141.37"/>
        <scale X="1" Y="1" Z="1" />
        <colour R="186" G="143" B="227" />
        <models>
            <!--<model file="sphere.3d" />-->
        </models>

    </group>


    <!-- Cintura de Kuiper -->
    <group>
        <scale X="300.0" Y="0" Z="300.0" />
        <rotate angle="90" axisX="1" />
        <colour R="110" G="61" B="61" />
        <models>
            <model file="asteroidsBelt.3d" />
        </models>
    </group>

</scene>
