<scene>
    <!-- Sol -->
    <group>
        <scale X="60" Y="60" Z="60" />
        <colour R="255" G="140" B="0" />
        <models>
            <model file="sphere.3d" />
        </models>
    </group>

    <!-- ================================================================================================================ -->

    <!-- Órbitas -->

    <!-- Órbita Mercúrio -->
    <group>
        <scale X="128.828" Y="128.828" Z="128.828" />
        <rotate angle="90" axisX="1" />
        <colour R="255" G="255" B="255" />
        <models>
            <model file="orbit.3d" />
        </models>
    </group>

    <!-- Órbita Venus -->
    <group>
        <scale X="240.62" Y="240.62" Z="240.62" />
        <rotate angle="90" axisX="1" />
        <colour R="255" G="255" B="255" />
        <models>
            <model file="orbit.3d" />
        </models>
    </group>

    <!-- Órbita Terra -->
    <group>
        <scale X="332.81" Y="332.81" Z="332.81" />
        <rotate angle="90" axisX="1" />
        <colour R="255" G="255" B="255" />
        <models>
            <model file="orbit.3d" />
        </models>
    </group>

    <!-- Órbita Marte -->
    <group>
        <scale X="507.201" Y="507.201" Z="507.201" />
        <rotate angle="90" axisX="1" />
        <colour R="255" G="255" B="255" />
        <models>
            <model file="orbit.3d" />
        </models>
    </group>

    <!-- Órbita Júpiter -->
    <group>
        <scale X="1100" Y="1100" Z="1100" />
        <rotate angle="90" axisX="1" />
        <colour R="255" G="255" B="255" />
        <models>
            <model file="orbit.3d" />
        </models>
    </group>

    <!-- Órbita Saturno -->
    <group>
        <scale X="1400" Y="1400" Z="1400" />
        <rotate angle="90" axisX="1" />
        <colour R="255" G="255" B="255" />
        <models>
            <model file="orbit.3d" />
        </models>
    </group>

    <!-- Órbita Urano -->
    <group>
        <scale X="1700" Y="1700" Z="1700" />
        <rotate angle="90" axisX="1" />
        <colour R="255" G="255" B="255" />
        <models>
            <model file="orbit.3d" />
        </models>
    </group>

    <!-- Órbita Neptuno -->
    <group>
        <scale X="2000" Y="2000" Z="2000" />
        <rotate angle="90" axisX="1" />
        <colour R="255" G="255" B="255" />
        <models>
            <model file="orbit.3d" />
        </models>
    </group>

    <!-- Órbita Plutão -->
    <group>
        <scale X="2200" Y="2200" Z="2200" />
        <rotate angle="90" axisX="1" />
        <colour R="255" G="255" B="255" />
        <models>
            <model file="orbit.3d" />
        </models>
    </group>


    <!-- ============================================================================================================ -->

    <!-- Planetas e Satélites Naturais-->

    <!-- Mercurio -->
    <group>
        <translate X="128.828"/>
        <scale X="1.365" Y="1.365" Z="1.365" />
        <colour R="186" G="184" B="181" />
        <models>
            <model file="sphere.3d" />
        </models>
    </group>

    <!-- Venus -->
    <group>
        <translate X="240.62" />
        <scale X="3.386" Y="3.386" Z="3.386" />
        <colour R="237" G="184" B="100" />
        <models>
            <model file="sphere.3d" />
        </models>
    </group>

    <!-- Terra -->
    <group>
        <translate X="332.81" />
        <scale X="3.569" Y="3.569" Z="3.569" />
        <colour R="61" G="129" B="224" />
        <models>
            <model file="sphere.3d" />
        </models>
        <!-- Lua -->
        <group>
            <translate Z="4.423" />
            <scale X="0.486" Y="0.486" Z="0.486" />
            <colour R="207" G="207" B="207" />
            <models>
                <model file="sphere.3d" />
            </models>
        </group>
    </group>

    <!-- Marte -->
    <group>
        <translate X="507.201" />
        <scale X="1.9" Y="1.9" Z="1.9" />
        <colour R="240" G="95" B="70" />
        <models>
            <model file="sphere.3d" />
        </models>
        <!-- Phobos -->
        <group>
            <translate Z="3" />
            <scale X="0.05" Y="0.05" Z="0.05" />
            <colour R="155" G="155" B="155" />
            <models>
                <model file="sphere.3d" />
            </models>
        </group>
        <!-- Deimos -->
        <group>
            <translate Z="-3" />
            <scale X="0.025" Y="0.025" Z="0.025" />
            <colour R="133" G="113" B="113" />
            <models>
                <model file="sphere.3d" />
            </models>
        </group>
    </group>

    <!-- Cintura de Asteroides -->

    <group>
        <scale X="700" Y="0" Z="700" />
        <rotate angle="90" axisX="1" />
        <colour R="110" G="61" B="61" />
        <models>
            <model file="asteroidsBelt.3d" />
        </models>
    </group>

    <!-- Jupiter -->
    <group>
        <translate X="1100"/>
        <scale X="40.0" Y="40.0" Z="40.0" />
        <colour R="169" G="148" B="179" />
        <models>
            <model file="sphere.3d" />
        </models>

        <!-- Io -->
        <group>
            <translate Z="1.7"/>
            <scale X="0.03643" Y="0.03643" Z="0.03643" />
            <colour R="209" G="150" B="23" />
            <models>
                <model file="sphere.3d" />
            </models>
        </group>

        <!-- Europa -->
        <group>
            <translate Z="-1.5"/>
            <scale X="0.03121" Y="0.03121" Z="0.03121" />
            <colour R="141" G="152" B="131" />
            <models>
                <model file="sphere.3d" />
            </models>
        </group>

        <!-- Ganymede -->
        <group>
            <translate X="1" Y="2" Z="1"/>
            <scale X="0.0562" Y="0.0562" Z="0.05262" />
            <colour R="95" G="99" B="150" />
            <models>
                <model file="sphere.3d" />
            </models>
        </group>

        <!-- Calisto -->
        <group>
            <translate Y="1.5"/>
            <scale X="0.0482" Y="0.0482" Z="0.0482" />
            <colour R="150" G="101" B="24" />
            <models>
                <model file="sphere.3d" />
            </models>
        </group>
    </group>

    <!-- Saturno -->
    <group>
        <translate X="1400"/>
        <scale X="33.72" Y="33.72" Z="33.72" />
        <colour R="196" G="169" B="104" />
        <models>
            <model file="sphere.3d" />
        </models>
        <!-- Rings -->
        <!-- Inner Ring -->
        <group>
            <rotate angle="63" axisX="1" />
            <scale X="1.5" Y="1.5" Z="0.1" />
            <colour R="255" G="204" B="102" />
            <models>
                <model file="ring.3d" />
            </models>
        </group>
        <!-- Outer Ring -->
        <group>
            <rotate angle="63" axisX="1" />
            <scale X="1.9" Y="1.9" Z="0.1" />
            <colour R="176" G="142" B="84" />
            <models>
                <model file="ring.3d" />
            </models>
        </group>
        <!-- Titã -->
        <group>
            <translate X="1.2" Y="-1.2" Z="1"/>
            <scale X="0.05149" Y="0.05149" Z="0.05149" />
            <colour R="95" G="200" B="161" />
            <models>
                <model file="sphere.3d" />
            </models>
        </group>
        <!-- Reia -->
        <group>
            <translate Y="1" Z="-1.4"/>
            <scale X="0.01527" Y="0.01527" Z="0.01527" />
            <colour R="155" G="155" B="155" />
            <models>
                <model file="sphere.3d" />
            </models>
        </group>
        <!-- Jápeto -->
        <group>
            <translate Z="1"/>
            <scale X="0.0147" Y="0.0147" Z="0.0147" />
            <colour R="150" G="140" B="110" />
            <models>
                <model file="sphere.3d" />
            </models>
        </group>
        <!-- Diome -->
        <group>
            <translate X="1.7" Y="1.7" />
            <scale X="0.01123" Y="0.01123" Z="0.01123" />
            <colour R="155" G="155" B="155" />
            <models>
                <model file="sphere.3d" />
            </models>
        </group>
    </group>

    <!-- Urano -->
    <group>
        <translate X="1700"/>
        <scale X="14.298" Y="14.298" Z="14.298" />
        <colour R="61" G="194" B="201" />
        <models>
            <model file="sphere.3d" />
        </models>
        <!-- Rings -->
        <group>
            <scale X="1.5" Y="1.5" Z="0" />
            <rotate angle="30" axisX="1" />
            <colour R="100" G="100" B="100" />
            <models>
                <model file="orbit.3d" />
            </models>
        </group>
    </group>

    <!-- Neptuno -->
    <group>
        <translate X="2000"/>
        <scale X="13.858" Y="13.858" Z="13.858" />
        <colour R="6" G="78" B="194" />
        <models>
            <model file="sphere.3d" />
        </models>
    </group>

    <!-- Plutão -->
    <group>
        <translate X="2200"/>
        <scale X="3" Y="3" Z="3" />
        <colour R="186" G="143" B="227" />
        <models>
            <model file="sphere.3d" />
        </models>
    </group>

    <!-- Cometa Halley -->
    <group>
        <translate X="141.37"/>
        <scale X="1" Y="1" Z="1" />
        <colour R="186" G="143" B="227" />
        <models>
            <!--<model file="sphere.3d" />-->
        </models>

    </group>


    <!-- Cintura de Kuiper -->
    <group>
        <scale X="3000" Y="0" Z="3000" />
        <rotate angle="90" axisX="1" />
        <colour R="110" G="61" B="61" />
        <models>
            <model file="asteroidsBelt.3d" />
        </models>
    </group>

</scene>
